MN_P1_MFN2_22596_upstr,chr1:11978547-11978570
MN_P1_MFN2_22596_cut1,chr1:11989114-11989137
MN_P1_MFN2_22596_inner,chr1:12000402-12000425
MN_P1_MFN2_22596_cut2,chr1:12011690-12011713
MN_P1_MFN2_22596_downstr,chr1:12013190-12013213
MN_P1_MFN2_824_upstr,chr1:11978547-11978570
MN_P1_MFN2_824_cut1,chr1:11989114-11989137
MN_P1_MFN2_824_inner,chr1:11989516-11989539
MN_P1_MFN2_824_cut2,chr1:11989918-11989941
MN_P1_MFN2_824_downstr,chr1:12013190-12013213
MN_P1_MFN2_9786_upstr,chr1:11978547-11978570
MN_P1_MFN2_9786_cut1,chr1:11980047-11980070
MN_P1_MFN2_9786_inner,chr1:11984983-11985006
MN_P1_MFN2_9786_cut2,chr1:11989918-11989941
MN_P1_MFN2_9786_downstr,chr1:12013190-12013213
WTC_HSPB1_1770_upstr,chr7:76300571-76300594
WTC_HSPB1_1770_cut1,chr7:76302615-76302638
WTC_HSPB1_1770_inner,chr7:76303490-76303513
WTC_HSPB1_1770_cut2,chr7:76304365-76304388
WTC_HSPB1_1770_downstr,chr7:76305865-76305888
WTC_HSPB1_700_upstr,chr7:76300571-76300594
WTC_HSPB1_700_cut1,chr7:76302451-76302474
WTC_HSPB1_700_inner,chr7:76302791-76302814
WTC_HSPB1_700_cut2,chr7:76303131-76303154
WTC_HSPB1_700_downstr,chr7:76305865-76305888
WTC_MFN2_22596_upstr,chr1:11978547-11978570
WTC_MFN2_22596_cut1,chr1:11989114-11989137
WTC_MFN2_22596_inner,chr1:12000402-12000425
WTC_MFN2_22596_cut2,chr1:12011690-12011713
WTC_MFN2_22596_downstr,chr1:12013190-12013213
WTC_MFN2_824_upstr,chr1:11978547-11978570
WTC_MFN2_824_cut1,chr1:11989114-11989137
WTC_MFN2_824_inner,chr1:11989516-11989539
WTC_MFN2_824_cut2,chr1:11989918-11989941
WTC_MFN2_824_downstr,chr1:12013190-12013213
WTC_MFN2_9786_upstr,chr1:11978547-11978570
WTC_MFN2_9786_cut1,chr1:11980047-11980070
WTC_MFN2_9786_inner,chr1:11984982-11985005
WTC_MFN2_9786_cut2,chr1:11989918-11989941
WTC_MFN2_9786_downstr,chr1:12013190-12013213
WTC_NEFL_1710_upstr,chr8:24951078-24951101
WTC_NEFL_1710_cut2,chr8:24955359-24955382
WTC_NEFL_1710_inner,chr8:24956204-24956227
WTC_NEFL_1710_cut1,chr8:24957049-24957072
WTC_NEFL_1710_downstr,chr8:24958549-24958572
WTC_NEFL_1897_upstr,chr8:24951078-24951101
WTC_NEFL_1897_cut1,chr8:24953650-24953673
WTC_NEFL_1897_inner,chr8:24954588-24954611
WTC_NEFL_1897_cut2,chr8:24955527-24955550
WTC_NEFL_1897_downstr,chr8:24958549-24958572
WTC_NEFL_4093_upstr,chr8:24951078-24951101
WTC_NEFL_4093_cut2,chr8:24952558-24952581
WTC_NEFL_4093_inner,chr8:24954594-24954617
WTC_NEFL_4093_cut1,chr8:24956631-24956654
WTC_NEFL_4093_downstr,chr8:24958549-24958572