,0
0,A01
1,A02
2,A03
3,A04
4,A05
5,A06
6,A07
7,A08
8,A09
9,A10 
10,A11 
11,A12 
12,A13 
13,A14 
14,A15 
15,A16 
16,A17 
17,A18 
18,A19 
19,A20 
20,A21 
21,A22 
22,A23 
23,A24 
24,B01
25,B02
26,B03
27,B04
28,B05
29,B06
30,B07
31,B08
32,B09
33,B10 
34,B11 
35,B12 
36,B13 
37,B14 
38,B15 
39,B16 
40,B17 
41,B18 
42,B19 
43,B20 
44,B21 
45,B22 
46,B23 
47,B24 
48,C01
49,C02
50,C03
51,C04
52,C05
53,C06
54,C07
55,C08
56,C09
57,C10 
58,C11 
59,C12 
60,C13 
61,C14 
62,C15 
63,C16 
64,C17 
65,C18 
66,C19 
67,C20 
68,C21 
69,C22 
70,C23 
71,C24 
72,D01
73,D02
74,D03
75,D04
76,D05
77,D06
78,D07
79,D08
80,D09
81,D10 
82,D11 
83,D12 
84,D13 
85,D14 
86,D15 
87,D16 
88,D17 
89,D18 
90,D19 
91,D20 
92,D21 
93,D22 
94,D23 
95,D24 
96,E01
97,E02
98,E03
99,E04
100,E05
101,E06
102,E07
103,E08
104,E09
105,E10 
106,E11 
107,E12 
108,E13 
109,E14 
110,E15 
111,E16 
112,E17 
113,E18 
114,E19 
115,E20 
116,E21 
117,E22 
118,E23 
119,E24 
120,F01
121,F02
122,F03
123,F04
124,F05
125,F06
126,F07
127,F08
128,F09
129,F10 
130,F11 
131,F12 
132,F13 
133,F14 
134,F15 
135,F16 
136,F17 
137,F18 
138,F19 
139,F20 
140,F21 
141,F22 
142,F23 
143,F24 
144,G01
145,G02
146,G03
147,G04
148,G05
149,G06
150,G07
151,G08
152,G09
153,G10 
154,G11 
155,G12 
156,G13 
157,G14 
158,G15 
159,G16 
160,G17 
161,G18 
162,G19 
163,G20 
164,G21 
165,G22 
166,G23 
167,G24 
168,H01
169,H02
170,H03
171,H04
172,H05
173,H06
174,H07
175,H08
176,H09
177,H10 
178,H11 
179,H12 
180,H13 
181,H14 
182,H15 
183,H16 
184,H17 
185,H18 
186,H19 
187,H20 
188,H21 
189,H22 
190,H23 
191,H24 
192,I01
193,I02
194,I03
195,I04
196,I05
197,I06
198,I07
199,I08
200,I09
201,I10 
202,I11 
203,I12 
204,I13 
205,I14 
206,I15 
207,I16 
208,I17 
209,I18 
210,I19 
211,I20 
212,I21 
213,I22 
214,I23 
215,I24 
216,J01
217,J02
218,J03
219,J04
220,J05
221,J06
222,J07
223,J08
224,J09
225,J10 
226,J11 
227,J12 
228,J13 
229,J14 
230,J15 
231,J16 
232,J17 
233,J18 
234,J19 
235,J20 
236,J21 
237,J22 
238,J23 
239,J24 
240,K01
241,K02
242,K03
243,K04
244,K05
245,K06
246,K07
247,K08
248,K09
249,K10 
250,K11 
251,K12 
252,K13 
253,K14 
254,K15 
255,K16 
256,K17 
257,K18 
258,K19 
259,K20 
260,K21 
261,K22 
262,K23 
263,K24 
264,L01
265,L02
266,L03
267,L04
268,L05
269,L06
270,L07
271,L08
272,L09
273,L10 
274,L11 
275,L12 
276,L13 
277,L14 
278,L15 
279,L16 
280,L17 
281,L18 
282,L19 
283,L20 
284,L21 
285,L22 
286,L23 
287,L24 
288,M01
289,M02
290,M03
291,M04
292,M05
293,M06
294,M07
295,M08
296,M09
297,M10 
298,M11 
299,M12 
300,M13 
301,M14 
302,M15 
303,M16 
304,M17 
305,M18 
306,M19 
307,M20 
308,M21 
309,M22 
310,M23 
311,M24 
312,N01
313,N02
314,N03
315,N04
316,N05
317,N06
318,N07
319,N08
320,N09
321,N10 
322,N11 
323,N12 
324,N13 
325,N14 
326,N15 
327,N16 
328,N17 
329,N18 
330,N19 
331,N20 
332,N21 
333,N22 
334,N23 
335,N24 
336,O01
337,O02
338,O03
339,O04
340,O05
341,O06
342,O07
343,O08
344,O09
345,O10 
346,O11 
347,O12 
348,O13 
349,O14 
350,O15 
351,O16 
352,O17 
353,O18 
354,O19 
355,O20 
356,O21 
357,O22 
358,O23 
359,O24 
360,P01
361,P02
362,P03
363,P04
364,P05
365,P06
366,P07
367,P08
368,P09
369,P10 
370,P11 
371,P12 
372,P13 
373,P14 
374,P15 
375,P16 
376,P17 
377,P18 
378,P19 
379,P20 
380,P21 
381,P22 
382,P23 
383,P24 
